use koha;
DELETE FROM itemtypes;
INSERT INTO itemtypes (ItemType, Description) VALUES ("AN", "Annual Report");  
INSERT INTO itemtypes (ItemType, Description) VALUES ("AVM", "Audio/Visual Material");   
INSERT INTO itemtypes (ItemType, Description) VALUES ("B", "Book"); 
INSERT INTO itemtypes (ItemType, Description) VALUES ("BC", "Book chapter");
INSERT INTO itemtypes (ItemType, Description) VALUES ("BKL", "Brochure");
INSERT INTO itemtypes (ItemType, Description) VALUES ("CDR", "CD-Rom");
INSERT INTO itemtypes (ItemType, Description) VALUES ("D", "Journal article"); 
INSERT INTO itemtypes (ItemType, Description) VALUES ("DI", "Directory");   
INSERT INTO itemtypes (ItemType, Description) VALUES ("DOC", "Unpublished document"); 
INSERT INTO itemtypes (ItemType, Description) VALUES ("GM", "Graphic Material"); 
INSERT INTO itemtypes (ItemType, Description) VALUES ("JOU", "Journal");
INSERT INTO itemtypes (ItemType, Description) VALUES ("KP", "KIT PACK");
INSERT INTO itemtypes (ItemType, Description) VALUES ("MAP", "Map");
INSERT INTO itemtypes (ItemType, Description) VALUES ("MCF", "Microform");
INSERT INTO itemtypes (ItemType, Description) VALUES ("MP", "Meeting Paper"); 
INSERT INTO itemtypes (ItemType, Description) VALUES ("MR", "Meeting Report");
INSERT INTO itemtypes (ItemType, Description) VALUES ("R", "Report"); 
INSERT INTO itemtypes (ItemType, Description) VALUES ("S", "Serial"); 
INSERT INTO itemtypes (ItemType, Description) VALUES ("TH", "Thesis");
INSERT INTO itemtypes (ItemType, Description) VALUES ("TR", "Technical Report");

use koha;
delete from branchcategories;
INSERT INTO branchcategories VALUES("ASSO", "ASSOCIATED LIBRARY", "", "properties");
INSERT INTO branchcategories VALUES("BR_N", "NOUMEA BRANCH LIBRARY", "", "properties");
INSERT INTO branchcategories VALUES("BR_S", "SUVA BRANCH LIBRARY", "", "properties");
INSERT INTO branchcategories VALUES("MN_H", "HONIARA MAIN LIBRARY", "", "properties");
INSERT INTO branchcategories VALUES("MN_N", "NOUMEA MAIN LIBRARY", "", "properties");
INSERT INTO branchcategories VALUES("MN_P", "POHNPEI MAIN LIBRARY", "", "properties");
INSERT INTO branchcategories VALUES("MN_S", "SUVA MAIN LIBRARY", "", "properties");

delete from branches;
INSERT INTO branches (branchname, branchcode) VALUES ("Archives",	"ARCH");
INSERT INTO branches (branchname, branchcode) VALUES ("EDD Energy Programme",	"ENE");
INSERT INTO branches (branchname, branchcode) VALUES ("EDD Regional Martime Programme", "MAR");
INSERT INTO branches (branchname, branchcode) VALUES ("Johannes Collection", "JOH");
INSERT INTO branches (branchname, branchcode) VALUES ("LRD Animal Health", "VET");
INSERT INTO branches (branchname, branchcode) VALUES ("LRD Forestry Library", "FOR");
INSERT INTO branches (branchname, branchcode) VALUES ("LRD Land Resources Division", "LRD");
INSERT INTO branches (branchname, branchcode) VALUES ("MAIN LIBRARY Honiara", "HON");
INSERT INTO branches (branchname, branchcode) VALUES ("MAIN LIBRARY Noumea", "NOU");
INSERT INTO branches (branchname, branchcode) VALUES ("MAIN LIBRARY Pohnpei", "FSM");
INSERT INTO branches (branchname, branchcode) VALUES ("MAIN LIBRARY Suva", "SUV");
INSERT INTO branches (branchname, branchcode) VALUES ("MRD Aquaculture Section", "AQU");
INSERT INTO branches (branchname, branchcode) VALUES ("MRD Coastal Fisheries Programme", "CFP");
INSERT INTO branches (branchname, branchcode) VALUES ("MRD CRISP", "CRIS");
INSERT INTO branches (branchname, branchcode) VALUES ("MRD Fisheries Information Section", "FIS");
INSERT INTO branches (branchname, branchcode) VALUES ("MRD Marine Resources Division", "MRD");
INSERT INTO branches (branchname, branchcode) VALUES ("MRD Nearshore Fisheries Development and Training Section", "FTS");
INSERT INTO branches (branchname, branchcode) VALUES ("MRD Oceanic Fisheries Programme", "OFP");
INSERT INTO branches (branchname, branchcode) VALUES ("Pacific Youth Bureau", "YO");
INSERT INTO branches (branchname, branchcode) VALUES ("PHD Epidemiology", "EP");
INSERT INTO branches (branchname, branchcode) VALUES ("PHD HIV/STIs Section", "HSC");
INSERT INTO branches (branchname, branchcode) VALUES ("PHD Public Health Division", "HE");
INSERT INTO branches (branchname, branchcode) VALUES ("PSS", "ICT");
INSERT INTO branches (branchname, branchcode) VALUES ("PSS Publications Section", "PUB");
INSERT INTO branches (branchname, branchcode) VALUES ("RRRT Pacific Regional Rights Resource Team", "RRRT");
INSERT INTO branches (branchname, branchcode) VALUES ("SEP Climate change", "CLI");
INSERT INTO branches (branchname, branchcode) VALUES ("Applied GeoScience and Technology Division", "SOPAC");
INSERT INTO branches (branchname, branchcode) VALUES ("SPC Special Collections", "SC");
INSERT INTO branches (branchname, branchcode) VALUES ("SRD Community Education Training Centre", "CETC");
INSERT INTO branches (branchname, branchcode) VALUES ("SRD Human Development Programme", "HDP");
INSERT INTO branches (branchname, branchcode) VALUES ("SRD Population", "POP");
INSERT INTO branches (branchname, branchcode) VALUES ("SRD Regional Media Centre", "RMC");
INSERT INTO branches (branchname, branchcode) VALUES ("SRD Statistics and Demography", "SD");
INSERT INTO branches (branchname, branchcode) VALUES ("University of the South Pacific", "USP");
INSERT INTO branches (branchname, branchcode) VALUES ("World Fish Center", "WFC");
INSERT INTO branches (branchname, branchcode) VALUES ("World Wide Web	   WWW	", "www");

delete from branchrelations;
INSERT INTO branchrelations VALUES("AQU", "BR_N");
INSERT INTO branchrelations VALUES("ARCH", "BR_N");
INSERT INTO branchrelations VALUES("CETC", "BR_S");
INSERT INTO branchrelations VALUES("CFP", "BR_N");
INSERT INTO branchrelations VALUES("CLI", "BR_N");
INSERT INTO branchrelations VALUES("CRIS", "BR_N");
INSERT INTO branchrelations VALUES("ENE", "BR_S");
INSERT INTO branchrelations VALUES("EP", "BR_S");
INSERT INTO branchrelations VALUES("FIS", "BR_N");
INSERT INTO branchrelations VALUES("FOR", "BR_S");
INSERT INTO branchrelations VALUES("FSM", "MN_P");
INSERT INTO branchrelations VALUES("FTS", "BR_N");
INSERT INTO branchrelations VALUES("HDP", "BR_N");
INSERT INTO branchrelations VALUES("HE", "BR_N");
INSERT INTO branchrelations VALUES("HON", "MN_H");
INSERT INTO branchrelations VALUES("HSC", "BR_N");
INSERT INTO branchrelations VALUES("ICT", "BR_N");
INSERT INTO branchrelations VALUES("JOH", "BR_N");
INSERT INTO branchrelations VALUES("LRD", "MN_S");
INSERT INTO branchrelations VALUES("MAR", "BR_N");
INSERT INTO branchrelations VALUES("MRD", "BR_N");
INSERT INTO branchrelations VALUES("NOU", "BR_N");
INSERT INTO branchrelations VALUES("OFP", "BR_N");
INSERT INTO branchrelations VALUES("POP", "BR_S");
INSERT INTO branchrelations VALUES("PUB", "BR_N");
INSERT INTO branchrelations VALUES("RMC", "BR_S");
INSERT INTO branchrelations VALUES("RRRT", "BR_S");
INSERT INTO branchrelations VALUES("SC", "BR_N");
INSERT INTO branchrelations VALUES("SD", "BR_N");
INSERT INTO branchrelations VALUES("SOPAC", "BR_S");
INSERT INTO branchrelations VALUES("SUV", "MN_S");
INSERT INTO branchrelations VALUES("USP", "ASSO");
INSERT INTO branchrelations VALUES("VET", "BR_S");
INSERT INTO branchrelations VALUES("WFC", "BR_N");
INSERT INTO branchrelations VALUES("www", "ASSO");
INSERT INTO branchrelations VALUES("YO", "BR_N");

